input,loop count,thread count,time averaged over 5 runs,custom barrier
seq_64_test.txt,10,0,1.2,False
seq_64_test.txt,10,0,1.2,True
seq_64_test.txt,10,2,413.8,False
seq_64_test.txt,10,2,700.4,True
seq_64_test.txt,10,4,989.0,False
seq_64_test.txt,10,4,1489.6,True
seq_64_test.txt,10,6,1324.8,False
seq_64_test.txt,10,6,2315.0,True
seq_64_test.txt,10,8,1757.4,False
seq_64_test.txt,10,8,3050.2,True
seq_64_test.txt,10,10,2250.6,False
seq_64_test.txt,10,10,3675.6,True
seq_64_test.txt,10,12,2672.0,False
seq_64_test.txt,10,12,4216.6,True
seq_64_test.txt,10,14,3055.8,False
seq_64_test.txt,10,14,5082.6,True
seq_64_test.txt,10,16,3646.0,False
seq_64_test.txt,10,16,6123.2,True
seq_64_test.txt,10,18,3789.4,False
seq_64_test.txt,10,18,6377.2,True
seq_64_test.txt,10,20,4375.2,False
seq_64_test.txt,10,20,7295.8,True
seq_64_test.txt,10,22,4878.8,False
seq_64_test.txt,10,22,8006.2,True
seq_64_test.txt,10,24,4948.6,False
seq_64_test.txt,10,24,9666.0,True
seq_64_test.txt,10,26,5368.6,False
seq_64_test.txt,10,26,9274.2,True
seq_64_test.txt,10,28,6665.8,False
seq_64_test.txt,10,28,14959.8,True
seq_64_test.txt,10,30,10004.4,False
seq_64_test.txt,10,30,10760.2,True
seq_64_test.txt,10,32,6780.0,False
seq_64_test.txt,10,32,11295.4,True
seq_64_test.txt,50,0,7.4,False
seq_64_test.txt,50,0,8.6,True
seq_64_test.txt,50,2,600.6,False
seq_64_test.txt,50,2,718.4,True
seq_64_test.txt,50,4,1323.8,False
seq_64_test.txt,50,4,2539.8,True
seq_64_test.txt,50,6,1792.8,False
seq_64_test.txt,50,6,2966.2,True
seq_64_test.txt,50,8,2506.6,False
seq_64_test.txt,50,8,5406.8,True
seq_64_test.txt,50,10,2902.6,False
seq_64_test.txt,50,10,5442.0,True
seq_64_test.txt,50,12,3772.2,False
seq_64_test.txt,50,12,5828.4,True
seq_64_test.txt,50,14,5271.6,False
seq_64_test.txt,50,14,6900.2,True
seq_64_test.txt,50,16,6745.6,False
seq_64_test.txt,50,16,8183.0,True
seq_64_test.txt,50,18,5230.0,False
seq_64_test.txt,50,18,8522.4,True
seq_64_test.txt,50,20,5885.4,False
seq_64_test.txt,50,20,11058.8,True
seq_64_test.txt,50,22,6160.6,False
seq_64_test.txt,50,22,10748.8,True
seq_64_test.txt,50,24,6540.2,False
seq_64_test.txt,50,24,11487.4,True
seq_64_test.txt,50,26,7349.6,False
seq_64_test.txt,50,26,12918.8,True
seq_64_test.txt,50,28,7792.0,False
seq_64_test.txt,50,28,11647.0,True
seq_64_test.txt,50,30,9053.8,False
seq_64_test.txt,50,30,11280.4,True
seq_64_test.txt,50,32,6608.6,False
seq_64_test.txt,50,32,11360.8,True
seq_64_test.txt,100,0,17.0,False
seq_64_test.txt,100,0,17.6,True
seq_64_test.txt,100,2,459.8,False
seq_64_test.txt,100,2,690.2,True
seq_64_test.txt,100,4,935.2,False
seq_64_test.txt,100,4,1481.4,True
seq_64_test.txt,100,6,1407.6,False
seq_64_test.txt,100,6,2340.0,True
seq_64_test.txt,100,8,1824.4,False
seq_64_test.txt,100,8,2945.2,True
seq_64_test.txt,100,10,2210.6,False
seq_64_test.txt,100,10,3601.4,True
seq_64_test.txt,100,12,2593.4,False
seq_64_test.txt,100,12,4273.4,True
seq_64_test.txt,100,14,3046.6,False
seq_64_test.txt,100,14,5143.0,True
seq_64_test.txt,100,16,3890.8,False
seq_64_test.txt,100,16,5801.0,True
seq_64_test.txt,100,18,3908.8,False
seq_64_test.txt,100,18,6504.8,True
seq_64_test.txt,100,20,4301.2,False
seq_64_test.txt,100,20,7505.0,True
seq_64_test.txt,100,22,4826.8,False
seq_64_test.txt,100,22,7973.0,True
seq_64_test.txt,100,24,5183.0,False
seq_64_test.txt,100,24,8794.6,True
seq_64_test.txt,100,26,6199.2,False
seq_64_test.txt,100,26,9451.0,True
seq_64_test.txt,100,28,6153.6,False
seq_64_test.txt,100,28,10057.4,True
seq_64_test.txt,100,30,6396.6,False
seq_64_test.txt,100,30,10622.6,True
seq_64_test.txt,100,32,6644.0,False
seq_64_test.txt,100,32,11296.8,True
seq_64_test.txt,500,0,116.6,False
seq_64_test.txt,500,0,102.0,True
seq_64_test.txt,500,2,542.0,False
seq_64_test.txt,500,2,675.6,True
seq_64_test.txt,500,4,878.4,False
seq_64_test.txt,500,4,1376.8,True
seq_64_test.txt,500,6,1473.2,False
seq_64_test.txt,500,6,2134.8,True
seq_64_test.txt,500,8,1791.2,False
seq_64_test.txt,500,8,2844.4,True
seq_64_test.txt,500,10,2220.6,False
seq_64_test.txt,500,10,3916.4,True
seq_64_test.txt,500,12,2585.6,False
seq_64_test.txt,500,12,4268.0,True
seq_64_test.txt,500,14,3044.4,False
seq_64_test.txt,500,14,5273.0,True
seq_64_test.txt,500,16,3925.6,False
seq_64_test.txt,500,16,11527.6,True
seq_64_test.txt,500,18,4448.4,False
seq_64_test.txt,500,18,6574.6,True
seq_64_test.txt,500,20,4476.2,False
seq_64_test.txt,500,20,7755.0,True
seq_64_test.txt,500,22,5259.0,False
seq_64_test.txt,500,22,8718.6,True
seq_64_test.txt,500,24,5619.2,False
seq_64_test.txt,500,24,13506.0,True
seq_64_test.txt,500,26,6727.8,False
seq_64_test.txt,500,26,11331.4,True
seq_64_test.txt,500,28,7769.4,False
seq_64_test.txt,500,28,11821.8,True
seq_64_test.txt,500,30,7265.4,False
seq_64_test.txt,500,30,11854.8,True
seq_64_test.txt,500,32,9916.4,False
seq_64_test.txt,500,32,14633.8,True
seq_64_test.txt,1000,0,201.0,False
seq_64_test.txt,1000,0,202.0,True
seq_64_test.txt,1000,2,1008.6,False
seq_64_test.txt,1000,2,1345.8,True
seq_64_test.txt,1000,4,1788.6,False
seq_64_test.txt,1000,4,1507.4,True
seq_64_test.txt,1000,6,3374.2,False
seq_64_test.txt,1000,6,5317.8,True
seq_64_test.txt,1000,8,3826.8,False
seq_64_test.txt,1000,8,3230.4,True
seq_64_test.txt,1000,10,3425.6,False
seq_64_test.txt,1000,10,6827.2,True
seq_64_test.txt,1000,12,2861.0,False
seq_64_test.txt,1000,12,5664.6,True
seq_64_test.txt,1000,14,3982.6,False
seq_64_test.txt,1000,14,7514.0,True
seq_64_test.txt,1000,16,4649.0,False
seq_64_test.txt,1000,16,10737.4,True
seq_64_test.txt,1000,18,4713.8,False
seq_64_test.txt,1000,18,11266.6,True
seq_64_test.txt,1000,20,7515.6,False
seq_64_test.txt,1000,20,8335.0,True
seq_64_test.txt,1000,22,8838.8,False
seq_64_test.txt,1000,22,13313.2,True
seq_64_test.txt,1000,24,8563.8,False
seq_64_test.txt,1000,24,12288.4,True
seq_64_test.txt,1000,26,11209.4,False
seq_64_test.txt,1000,26,11608.0,True
seq_64_test.txt,1000,28,9935.8,False
seq_64_test.txt,1000,28,11279.6,True
seq_64_test.txt,1000,30,10109.2,False
seq_64_test.txt,1000,30,15695.4,True
seq_64_test.txt,1000,32,9982.6,False
seq_64_test.txt,1000,32,11573.8,True
seq_64_test.txt,5000,0,1027.0,False
seq_64_test.txt,5000,0,1036.0,True
seq_64_test.txt,5000,2,1486.8,False
seq_64_test.txt,5000,2,1548.8,True
seq_64_test.txt,5000,4,1448.6,False
seq_64_test.txt,5000,4,1504.4,True
seq_64_test.txt,5000,6,2002.2,False
seq_64_test.txt,5000,6,2283.2,True
seq_64_test.txt,5000,8,4118.4,False
seq_64_test.txt,5000,8,7088.2,True
seq_64_test.txt,5000,10,3530.8,False
seq_64_test.txt,5000,10,3495.6,True
seq_64_test.txt,5000,12,2893.6,False
seq_64_test.txt,5000,12,4050.0,True
seq_64_test.txt,5000,14,3263.2,False
seq_64_test.txt,5000,14,4634.6,True
seq_64_test.txt,5000,16,3701.4,False
seq_64_test.txt,5000,16,5348.2,True
seq_64_test.txt,5000,18,4018.4,False
seq_64_test.txt,5000,18,6000.4,True
seq_64_test.txt,5000,20,4913.6,False
seq_64_test.txt,5000,20,7519.6,True
seq_64_test.txt,5000,22,4859.6,False
seq_64_test.txt,5000,22,7377.2,True
seq_64_test.txt,5000,24,5182.4,False
seq_64_test.txt,5000,24,7844.0,True
seq_64_test.txt,5000,26,5556.8,False
seq_64_test.txt,5000,26,9182.8,True
seq_64_test.txt,5000,28,5971.4,False
seq_64_test.txt,5000,28,9376.6,True
seq_64_test.txt,5000,30,6535.0,False
seq_64_test.txt,5000,30,10193.6,True
seq_64_test.txt,5000,32,8205.0,False
seq_64_test.txt,5000,32,11611.0,True
seq_64_test.txt,10000,0,2030.2,False
seq_64_test.txt,10000,0,2085.4,True
seq_64_test.txt,10000,2,2626.2,False
seq_64_test.txt,10000,2,2633.6,True
seq_64_test.txt,10000,4,2037.8,False
seq_64_test.txt,10000,4,2087.6,True
seq_64_test.txt,10000,6,2338.0,False
seq_64_test.txt,10000,6,2582.8,True
seq_64_test.txt,10000,8,3195.6,False
seq_64_test.txt,10000,8,4862.0,True
seq_64_test.txt,10000,10,5896.6,False
seq_64_test.txt,10000,10,5116.2,True
seq_64_test.txt,10000,12,3440.0,False
seq_64_test.txt,10000,12,4233.6,True
seq_64_test.txt,10000,14,3670.8,False
seq_64_test.txt,10000,14,4901.2,True
seq_64_test.txt,10000,16,4483.8,False
seq_64_test.txt,10000,16,5735.0,True
seq_64_test.txt,10000,18,4365.8,False
seq_64_test.txt,10000,18,6384.4,True
seq_64_test.txt,10000,20,4774.2,False
seq_64_test.txt,10000,20,6669.0,True
seq_64_test.txt,10000,22,5042.0,False
seq_64_test.txt,10000,22,8285.0,True
seq_64_test.txt,10000,24,5403.0,False
seq_64_test.txt,10000,24,8117.6,True
seq_64_test.txt,10000,26,5868.8,False
seq_64_test.txt,10000,26,11127.4,True
seq_64_test.txt,10000,28,6211.6,False
seq_64_test.txt,10000,28,12773.8,True
seq_64_test.txt,10000,30,7989.8,False
seq_64_test.txt,10000,30,11991.2,True
seq_64_test.txt,10000,32,8341.0,False
seq_64_test.txt,10000,32,13209.2,True
seq_64_test.txt,50000,0,12372.0,False
seq_64_test.txt,50000,0,11873.4,True
seq_64_test.txt,50000,2,11732.6,False
seq_64_test.txt,50000,2,11114.2,True
seq_64_test.txt,50000,4,11709.8,False
seq_64_test.txt,50000,4,18810.2,True
seq_64_test.txt,50000,6,18269.8,False
seq_64_test.txt,50000,6,15564.0,True
seq_64_test.txt,50000,8,19084.4,False
seq_64_test.txt,50000,8,19233.8,True
seq_64_test.txt,50000,10,17321.6,False
seq_64_test.txt,50000,10,11117.2,True
seq_64_test.txt,50000,12,8730.2,False
seq_64_test.txt,50000,12,8383.0,True
seq_64_test.txt,50000,14,8148.6,False
seq_64_test.txt,50000,14,8481.6,True
seq_64_test.txt,50000,16,8529.8,False
seq_64_test.txt,50000,16,9164.0,True
seq_64_test.txt,50000,18,8694.2,False
seq_64_test.txt,50000,18,9555.8,True
seq_64_test.txt,50000,20,9621.8,False
seq_64_test.txt,50000,20,10315.8,True
seq_64_test.txt,50000,22,15920.2,False
seq_64_test.txt,50000,22,14743.6,True
seq_64_test.txt,50000,24,16007.4,False
seq_64_test.txt,50000,24,25185.8,True
seq_64_test.txt,50000,26,16696.0,False
seq_64_test.txt,50000,26,24584.8,True
seq_64_test.txt,50000,28,28896.2,False
seq_64_test.txt,50000,28,14836.2,True
seq_64_test.txt,50000,30,12183.6,False
seq_64_test.txt,50000,30,16267.8,True
seq_64_test.txt,50000,32,12994.8,False
seq_64_test.txt,50000,32,19399.4,True
seq_64_test.txt,100000,0,21003.4,False
seq_64_test.txt,100000,0,20390.0,True
seq_64_test.txt,100000,2,21381.4,False
seq_64_test.txt,100000,2,21223.2,True
seq_64_test.txt,100000,4,12036.6,False
seq_64_test.txt,100000,4,12254.2,True
seq_64_test.txt,100000,6,11588.2,False
seq_64_test.txt,100000,6,12757.8,True
seq_64_test.txt,100000,8,13548.2,False
seq_64_test.txt,100000,8,13132.4,True
seq_64_test.txt,100000,10,13058.6,False
seq_64_test.txt,100000,10,13245.8,True
seq_64_test.txt,100000,12,13124.4,False
seq_64_test.txt,100000,12,13247.8,True
seq_64_test.txt,100000,14,13840.0,False
seq_64_test.txt,100000,14,13566.6,True
seq_64_test.txt,100000,16,15442.2,False
seq_64_test.txt,100000,16,16288.0,True
seq_64_test.txt,100000,18,23788.6,False
seq_64_test.txt,100000,18,38534.8,True
seq_64_test.txt,100000,20,23525.6,False
seq_64_test.txt,100000,20,20768.4,True
seq_64_test.txt,100000,22,26430.0,False
seq_64_test.txt,100000,22,34222.0,True
seq_64_test.txt,100000,24,25955.6,False
seq_64_test.txt,100000,24,37027.0,True
seq_64_test.txt,100000,26,25292.2,False
seq_64_test.txt,100000,26,26248.4,True
seq_64_test.txt,100000,28,27504.8,False
seq_64_test.txt,100000,28,32719.0,True
seq_64_test.txt,100000,30,27414.6,False
seq_64_test.txt,100000,30,35224.0,True
seq_64_test.txt,100000,32,35716.2,False
seq_64_test.txt,100000,32,31964.6,True
1k.txt,10,0,21.6,False
1k.txt,10,0,25.2,True
1k.txt,10,2,2056.6,False
1k.txt,10,2,2305.8,True
1k.txt,10,4,1372.4,False
1k.txt,10,4,3124.6,True
1k.txt,10,6,3854.6,False
1k.txt,10,6,6022.8,True
1k.txt,10,8,9898.2,False
1k.txt,10,8,9963.8,True
1k.txt,10,10,4923.0,False
1k.txt,10,10,8292.0,True
1k.txt,10,12,10411.4,False
1k.txt,10,12,8253.4,True
1k.txt,10,14,5741.8,False
1k.txt,10,14,8857.2,True
1k.txt,10,16,5086.4,False
1k.txt,10,16,8843.8,True
1k.txt,10,18,6144.4,False
1k.txt,10,18,12209.8,True
1k.txt,10,20,6037.2,False
1k.txt,10,20,12002.8,True
1k.txt,10,22,7406.8,False
1k.txt,10,22,13585.4,True
1k.txt,10,24,7689.8,False
1k.txt,10,24,13124.2,True
1k.txt,10,26,8501.8,False
1k.txt,10,26,15608.0,True
1k.txt,10,28,9186.4,False
1k.txt,10,28,15744.4,True
1k.txt,10,30,9505.6,False
1k.txt,10,30,16179.4,True
1k.txt,10,32,10369.2,False
1k.txt,10,32,17714.0,True
1k.txt,50,0,127.6,False
1k.txt,50,0,106.6,True
1k.txt,50,2,773.0,False
1k.txt,50,2,1168.6,True
1k.txt,50,4,1387.4,False
1k.txt,50,4,1963.4,True
1k.txt,50,6,2128.4,False
1k.txt,50,6,3370.8,True
1k.txt,50,8,3041.0,False
1k.txt,50,8,4555.6,True
1k.txt,50,10,3149.4,False
1k.txt,50,10,5942.0,True
1k.txt,50,12,4068.2,False
1k.txt,50,12,6660.8,True
1k.txt,50,14,4379.0,False
1k.txt,50,14,7648.6,True
1k.txt,50,16,5252.0,False
1k.txt,50,16,11012.6,True
1k.txt,50,18,6176.6,False
1k.txt,50,18,10421.2,True
1k.txt,50,20,7222.6,False
1k.txt,50,20,12501.0,True
1k.txt,50,22,7361.0,False
1k.txt,50,22,12865.0,True
1k.txt,50,24,8342.2,False
1k.txt,50,24,14310.8,True
1k.txt,50,26,8691.6,False
1k.txt,50,26,15193.4,True
1k.txt,50,28,9609.8,False
1k.txt,50,28,16541.0,True
1k.txt,50,30,11383.2,False
1k.txt,50,30,17362.2,True
1k.txt,50,32,10163.6,False
1k.txt,50,32,18471.0,True
1k.txt,100,0,280.2,False
1k.txt,100,0,282.6,True
1k.txt,100,2,958.8,False
1k.txt,100,2,1632.4,True
1k.txt,100,4,1493.0,False
1k.txt,100,4,2181.8,True
1k.txt,100,6,2305.8,False
1k.txt,100,6,3404.8,True
1k.txt,100,8,3194.0,False
1k.txt,100,8,4457.6,True
1k.txt,100,10,3421.6,False
1k.txt,100,10,5915.6,True
1k.txt,100,12,4571.2,False
1k.txt,100,12,7847.2,True
1k.txt,100,14,5196.0,False
1k.txt,100,14,7713.2,True
1k.txt,100,16,5403.4,False
1k.txt,100,16,9020.8,True
1k.txt,100,18,6321.6,False
1k.txt,100,18,9706.4,True
1k.txt,100,20,6140.4,False
1k.txt,100,20,11002.2,True
1k.txt,100,22,6967.6,False
1k.txt,100,22,12531.6,True
1k.txt,100,24,8892.4,False
1k.txt,100,24,13348.6,True
1k.txt,100,26,8849.8,False
1k.txt,100,26,16073.2,True
1k.txt,100,28,8755.6,False
1k.txt,100,28,16990.2,True
1k.txt,100,30,10147.4,False
1k.txt,100,30,16234.4,True
1k.txt,100,32,9812.4,False
1k.txt,100,32,17835.0,True
1k.txt,500,0,1604.0,False
1k.txt,500,0,1634.2,True
1k.txt,500,2,2254.0,False
1k.txt,500,2,2454.4,True
1k.txt,500,4,2079.8,False
1k.txt,500,4,2498.8,True
1k.txt,500,6,2652.0,False
1k.txt,500,6,3362.2,True
1k.txt,500,8,3256.0,False
1k.txt,500,8,4274.4,True
1k.txt,500,10,3700.4,False
1k.txt,500,10,5307.8,True
1k.txt,500,12,4110.4,False
1k.txt,500,12,6402.6,True
1k.txt,500,14,4714.0,False
1k.txt,500,14,7327.2,True
1k.txt,500,16,5152.6,False
1k.txt,500,16,8229.0,True
1k.txt,500,18,5758.8,False
1k.txt,500,18,9454.0,True
1k.txt,500,20,9286.8,False
1k.txt,500,20,10351.2,True
1k.txt,500,22,6974.2,False
1k.txt,500,22,11025.8,True
1k.txt,500,24,7427.6,False
1k.txt,500,24,12247.6,True
1k.txt,500,26,8369.0,False
1k.txt,500,26,13740.0,True
1k.txt,500,28,8934.8,False
1k.txt,500,28,14137.6,True
1k.txt,500,30,9277.2,False
1k.txt,500,30,16580.0,True
1k.txt,500,32,10425.6,False
1k.txt,500,32,18247.0,True
1k.txt,1000,0,3615.4,False
1k.txt,1000,0,3442.6,True
1k.txt,1000,2,4034.6,False
1k.txt,1000,2,4038.8,True
1k.txt,1000,4,2916.8,False
1k.txt,1000,4,3308.2,True
1k.txt,1000,6,3062.2,False
1k.txt,1000,6,3944.6,True
1k.txt,1000,8,4154.0,False
1k.txt,1000,8,5506.8,True
1k.txt,1000,10,4867.4,False
1k.txt,1000,10,6714.4,True
1k.txt,1000,12,10769.2,False
1k.txt,1000,12,6488.6,True
1k.txt,1000,14,5898.8,False
1k.txt,1000,14,7592.6,True
1k.txt,1000,16,5887.6,False
1k.txt,1000,16,8529.0,True
1k.txt,1000,18,6426.4,False
1k.txt,1000,18,9792.0,True
1k.txt,1000,20,6951.4,False
1k.txt,1000,20,10095.0,True
1k.txt,1000,22,7249.4,False
1k.txt,1000,22,12431.8,True
1k.txt,1000,24,8416.8,False
1k.txt,1000,24,15506.6,True
1k.txt,1000,26,12330.0,False
1k.txt,1000,26,13549.6,True
1k.txt,1000,28,10091.4,False
1k.txt,1000,28,14713.8,True
1k.txt,1000,30,9465.4,False
1k.txt,1000,30,15301.6,True
1k.txt,1000,32,9962.6,False
1k.txt,1000,32,16710.8,True
1k.txt,5000,0,16451.0,False
1k.txt,5000,0,16386.4,True
1k.txt,5000,2,17172.2,False
1k.txt,5000,2,17278.4,True
1k.txt,5000,4,9740.8,False
1k.txt,5000,4,9801.8,True
1k.txt,5000,6,7835.6,False
1k.txt,5000,6,8850.6,True
1k.txt,5000,8,14168.4,False
1k.txt,5000,8,21093.0,True
1k.txt,5000,10,10701.2,False
1k.txt,5000,10,15546.4,True
1k.txt,5000,12,18731.6,False
1k.txt,5000,12,24127.0,True
1k.txt,5000,14,15098.0,False
1k.txt,5000,14,14300.4,True
1k.txt,5000,16,15150.6,False
1k.txt,5000,16,14958.8,True
1k.txt,5000,18,18193.2,False
1k.txt,5000,18,22984.2,True
1k.txt,5000,20,15433.8,False
1k.txt,5000,20,15740.4,True
1k.txt,5000,22,15450.8,False
1k.txt,5000,22,16741.8,True
1k.txt,5000,24,16836.0,False
1k.txt,5000,24,17131.0,True
1k.txt,5000,26,15862.6,False
1k.txt,5000,26,19849.8,True
1k.txt,5000,28,26448.6,False
1k.txt,5000,28,22661.4,True
1k.txt,5000,30,19838.0,False
1k.txt,5000,30,24017.2,True
1k.txt,5000,32,19095.4,False
1k.txt,5000,32,25056.2,True
1k.txt,10000,0,35548.4,False
1k.txt,10000,0,33124.6,True
1k.txt,10000,2,33926.8,False
1k.txt,10000,2,33545.6,True
1k.txt,10000,4,18066.8,False
1k.txt,10000,4,18241.4,True
1k.txt,10000,6,14467.4,False
1k.txt,10000,6,14034.4,True
1k.txt,10000,8,19373.8,False
1k.txt,10000,8,19443.8,True
1k.txt,10000,10,16935.0,False
1k.txt,10000,10,17751.2,True
1k.txt,10000,12,15843.8,False
1k.txt,10000,12,17949.0,True
1k.txt,10000,14,19269.6,False
1k.txt,10000,14,19959.6,True
1k.txt,10000,16,17310.6,False
1k.txt,10000,16,18949.8,True
1k.txt,10000,18,18037.2,False
1k.txt,10000,18,20081.8,True
1k.txt,10000,20,17544.4,False
1k.txt,10000,20,20709.4,True
1k.txt,10000,22,18469.2,False
1k.txt,10000,22,20708.8,True
1k.txt,10000,24,19817.4,False
1k.txt,10000,24,21132.0,True
1k.txt,10000,26,19197.6,False
1k.txt,10000,26,22180.8,True
1k.txt,10000,28,19358.2,False
1k.txt,10000,28,24308.0,True
1k.txt,10000,30,21684.8,False
1k.txt,10000,30,25183.0,True
1k.txt,10000,32,24260.6,False
1k.txt,10000,32,25584.8,True
1k.txt,50000,0,164091.0,False
1k.txt,50000,0,163863.6,True
1k.txt,50000,2,166137.2,False
1k.txt,50000,2,165604.8,True
1k.txt,50000,4,84532.4,False
1k.txt,50000,4,87790.2,True
1k.txt,50000,6,61356.4,False
1k.txt,50000,6,60428.0,True
1k.txt,50000,8,76493.6,False
1k.txt,50000,8,76543.2,True
1k.txt,50000,10,68595.2,False
1k.txt,50000,10,69892.6,True
1k.txt,50000,12,68244.6,False
1k.txt,50000,12,70108.4,True
1k.txt,50000,14,61631.2,False
1k.txt,50000,14,65779.2,True
1k.txt,50000,16,66860.4,False
1k.txt,50000,16,75901.2,True
1k.txt,50000,18,66138.2,False
1k.txt,50000,18,72605.8,True
1k.txt,50000,20,63441.2,False
1k.txt,50000,20,65410.0,True
1k.txt,50000,22,65341.6,False
1k.txt,50000,22,72465.8,True
1k.txt,50000,24,68882.8,False
1k.txt,50000,24,67921.6,True
1k.txt,50000,26,64866.0,False
1k.txt,50000,26,70519.4,True
1k.txt,50000,28,64434.4,False
1k.txt,50000,28,68745.0,True
1k.txt,50000,30,65294.0,False
1k.txt,50000,30,84092.6,True
1k.txt,50000,32,70962.4,False
1k.txt,50000,32,72195.8,True
1k.txt,100000,0,326746.0,False
1k.txt,100000,0,325917.2,True
1k.txt,100000,2,331628.6,False
1k.txt,100000,2,327924.8,True
1k.txt,100000,4,169256.0,False
1k.txt,100000,4,167328.2,True
1k.txt,100000,6,126094.8,False
1k.txt,100000,6,117651.6,True
1k.txt,100000,8,140645.2,False
1k.txt,100000,8,138477.0,True
1k.txt,100000,10,123772.0,False
1k.txt,100000,10,126138.2,True
1k.txt,100000,12,117011.0,False
1k.txt,100000,12,121059.2,True
1k.txt,100000,14,119846.8,False
1k.txt,100000,14,120244.8,True
1k.txt,100000,16,134033.6,False
1k.txt,100000,16,133033.8,True
1k.txt,100000,18,139402.0,False
1k.txt,100000,18,151907.0,True
1k.txt,100000,20,131400.8,False
1k.txt,100000,20,172614.0,True
1k.txt,100000,22,135575.2,False
1k.txt,100000,22,130435.6,True
1k.txt,100000,24,120686.6,False
1k.txt,100000,24,125702.4,True
1k.txt,100000,26,118227.4,False
1k.txt,100000,26,125705.8,True
1k.txt,100000,28,115995.8,False
1k.txt,100000,28,124635.0,True
1k.txt,100000,30,118116.0,False
1k.txt,100000,30,123487.6,True
1k.txt,100000,32,127557.2,False
1k.txt,100000,32,130275.4,True
8k.txt,10,0,180.4,False
8k.txt,10,0,145.4,True
8k.txt,10,2,931.0,False
8k.txt,10,2,1323.0,True
8k.txt,10,4,1594.2,False
8k.txt,10,4,2682.4,True
8k.txt,10,6,4524.8,False
8k.txt,10,6,3925.2,True
8k.txt,10,8,3224.0,False
8k.txt,10,8,5508.4,True
8k.txt,10,10,3941.2,False
8k.txt,10,10,6679.2,True
8k.txt,10,12,4795.4,False
8k.txt,10,12,7983.2,True
8k.txt,10,14,5318.0,False
8k.txt,10,14,9572.2,True
8k.txt,10,16,6072.0,False
8k.txt,10,16,11077.0,True
8k.txt,10,18,11166.8,False
8k.txt,10,18,13550.0,True
8k.txt,10,20,8113.2,False
8k.txt,10,20,13833.8,True
8k.txt,10,22,8677.2,False
8k.txt,10,22,18058.2,True
8k.txt,10,24,15244.2,False
8k.txt,10,24,21813.8,True
8k.txt,10,26,11043.4,False
8k.txt,10,26,22558.4,True
8k.txt,10,28,12530.0,False
8k.txt,10,28,19614.2,True
8k.txt,10,30,11041.0,False
8k.txt,10,30,21046.8,True
8k.txt,10,32,12239.6,False
8k.txt,10,32,23050.4,True
8k.txt,50,0,984.0,False
8k.txt,50,0,908.4,True
8k.txt,50,2,1849.4,False
8k.txt,50,2,2021.2,True
8k.txt,50,4,2028.0,False
8k.txt,50,4,3005.0,True
8k.txt,50,6,2811.2,False
8k.txt,50,6,4037.8,True
8k.txt,50,8,3468.4,False
8k.txt,50,8,5350.4,True
8k.txt,50,10,4134.2,False
8k.txt,50,10,6548.0,True
8k.txt,50,12,4874.2,False
8k.txt,50,12,9974.6,True
8k.txt,50,14,6138.2,False
8k.txt,50,14,9640.6,True
8k.txt,50,16,6393.6,False
8k.txt,50,16,10690.6,True
8k.txt,50,18,7127.2,False
8k.txt,50,18,11862.8,True
8k.txt,50,20,7738.0,False
8k.txt,50,20,13248.4,True
8k.txt,50,22,8736.4,False
8k.txt,50,22,14640.0,True
8k.txt,50,24,9113.6,False
8k.txt,50,24,15942.2,True
8k.txt,50,26,11067.0,False
8k.txt,50,26,17997.2,True
8k.txt,50,28,10439.0,False
8k.txt,50,28,18480.0,True
8k.txt,50,30,11319.6,False
8k.txt,50,30,20570.0,True
8k.txt,50,32,11920.8,False
8k.txt,50,32,22122.0,True
8k.txt,100,0,2318.2,False
8k.txt,100,0,2312.2,True
8k.txt,100,2,3178.8,False
8k.txt,100,2,3543.2,True
8k.txt,100,4,2755.0,False
8k.txt,100,4,3469.4,True
8k.txt,100,6,3207.6,False
8k.txt,100,6,4372.0,True
8k.txt,100,8,4140.4,False
8k.txt,100,8,5988.2,True
8k.txt,100,10,4607.0,False
8k.txt,100,10,7182.6,True
8k.txt,100,12,5497.0,False
8k.txt,100,12,8811.6,True
8k.txt,100,14,6715.4,False
8k.txt,100,14,9335.0,True
8k.txt,100,16,6596.0,False
8k.txt,100,16,10679.6,True
8k.txt,100,18,7308.2,False
8k.txt,100,18,12367.8,True
8k.txt,100,20,7907.2,False
8k.txt,100,20,13278.8,True
8k.txt,100,22,9712.8,False
8k.txt,100,22,16337.8,True
8k.txt,100,24,9517.8,False
8k.txt,100,24,16021.2,True
8k.txt,100,26,9948.4,False
8k.txt,100,26,16865.4,True
8k.txt,100,28,10938.8,False
8k.txt,100,28,18776.8,True
8k.txt,100,30,11183.6,False
8k.txt,100,30,20578.2,True
8k.txt,100,32,12448.4,False
8k.txt,100,32,21470.2,True
8k.txt,500,0,12868.6,False
8k.txt,500,0,12782.0,True
8k.txt,500,2,13894.0,False
8k.txt,500,2,13888.8,True
8k.txt,500,4,8766.2,False
8k.txt,500,4,8785.8,True
8k.txt,500,6,6865.4,False
8k.txt,500,6,7571.6,True
8k.txt,500,8,9223.0,False
8k.txt,500,8,10770.0,True
8k.txt,500,10,11285.6,False
8k.txt,500,10,13562.8,True
8k.txt,500,12,10155.8,False
8k.txt,500,12,11934.6,True
8k.txt,500,14,9690.8,False
8k.txt,500,14,12600.2,True
8k.txt,500,16,11737.4,False
8k.txt,500,16,15291.8,True
8k.txt,500,18,11965.2,False
8k.txt,500,18,15516.4,True
8k.txt,500,20,13627.4,False
8k.txt,500,20,17300.0,True
8k.txt,500,22,12048.8,False
8k.txt,500,22,17766.6,True
8k.txt,500,24,12363.6,False
8k.txt,500,24,18207.2,True
8k.txt,500,26,12987.2,False
8k.txt,500,26,22061.6,True
8k.txt,500,28,13980.4,False
8k.txt,500,28,20770.8,True
8k.txt,500,30,20475.6,False
8k.txt,500,30,21829.6,True
8k.txt,500,32,15793.6,False
8k.txt,500,32,22489.2,True
8k.txt,1000,0,26080.4,False
8k.txt,1000,0,25958.0,True
8k.txt,1000,2,27353.0,False
8k.txt,1000,2,27623.6,True
8k.txt,1000,4,15255.6,False
8k.txt,1000,4,15546.0,True
8k.txt,1000,6,11339.4,False
8k.txt,1000,6,13668.0,True
8k.txt,1000,8,15939.6,False
8k.txt,1000,8,16995.8,True
8k.txt,1000,10,14576.2,False
8k.txt,1000,10,16043.4,True
8k.txt,1000,12,14800.4,False
8k.txt,1000,12,15595.0,True
8k.txt,1000,14,14882.0,False
8k.txt,1000,14,16854.2,True
8k.txt,1000,16,17335.6,False
8k.txt,1000,16,18641.4,True
8k.txt,1000,18,15221.6,False
8k.txt,1000,18,19161.6,True
8k.txt,1000,20,16444.4,False
8k.txt,1000,20,19894.2,True
8k.txt,1000,22,16708.2,False
8k.txt,1000,22,22057.4,True
8k.txt,1000,24,28775.8,False
8k.txt,1000,24,47685.6,True
8k.txt,1000,26,39816.4,False
8k.txt,1000,26,47993.2,True
8k.txt,1000,28,31753.8,False
8k.txt,1000,28,40962.4,True
8k.txt,1000,30,37623.0,False
8k.txt,1000,30,26366.4,True
8k.txt,1000,32,23952.0,False
8k.txt,1000,32,42781.8,True
8k.txt,5000,0,134906.2,False
8k.txt,5000,0,137213.6,True
8k.txt,5000,2,133726.6,False
8k.txt,5000,2,135077.0,True
8k.txt,5000,4,79418.0,False
8k.txt,5000,4,69002.2,True
8k.txt,5000,6,53273.2,False
8k.txt,5000,6,50055.4,True
8k.txt,5000,8,66885.0,False
8k.txt,5000,8,80247.2,True
8k.txt,5000,10,60859.8,False
8k.txt,5000,10,61984.6,True
8k.txt,5000,12,101849.0,False
8k.txt,5000,12,78340.2,True
8k.txt,5000,14,73567.8,False
8k.txt,5000,14,76788.6,True
8k.txt,5000,16,63877.8,False
8k.txt,5000,16,61378.0,True
8k.txt,5000,18,52879.8,False
8k.txt,5000,18,57593.8,True
8k.txt,5000,20,66882.2,False
8k.txt,5000,20,63203.6,True
8k.txt,5000,22,56175.6,False
8k.txt,5000,22,59075.2,True
8k.txt,5000,24,56585.4,False
8k.txt,5000,24,58347.8,True
8k.txt,5000,26,54933.0,False
8k.txt,5000,26,58946.6,True
8k.txt,5000,28,64669.2,False
8k.txt,5000,28,119471.6,True
8k.txt,5000,30,78010.4,False
8k.txt,5000,30,61274.4,True
8k.txt,5000,32,55697.8,False
8k.txt,5000,32,75851.2,True
8k.txt,10000,0,267534.6,False
8k.txt,10000,0,266481.4,True
8k.txt,10000,2,266904.2,False
8k.txt,10000,2,269095.8,True
8k.txt,10000,4,165126.0,False
8k.txt,10000,4,158479.6,True
8k.txt,10000,6,102013.2,False
8k.txt,10000,6,92724.0,True
8k.txt,10000,8,118550.6,False
8k.txt,10000,8,165044.6,True
8k.txt,10000,10,212535.4,False
8k.txt,10000,10,182032.0,True
8k.txt,10000,12,144980.8,False
8k.txt,10000,12,112270.6,True
8k.txt,10000,14,104677.6,False
8k.txt,10000,14,103875.6,True
8k.txt,10000,16,111111.6,False
8k.txt,10000,16,117915.2,True
8k.txt,10000,18,113057.6,False
8k.txt,10000,18,149023.4,True
8k.txt,10000,20,166521.2,False
8k.txt,10000,20,142149.0,True
8k.txt,10000,22,129874.6,False
8k.txt,10000,22,137726.2,True
8k.txt,10000,24,157050.4,False
8k.txt,10000,24,186435.4,True
8k.txt,10000,26,131162.0,False
8k.txt,10000,26,118558.2,True
8k.txt,10000,28,102618.2,False
8k.txt,10000,28,103828.6,True
8k.txt,10000,30,97102.0,False
8k.txt,10000,30,104077.2,True
8k.txt,10000,32,96404.8,False
8k.txt,10000,32,111501.0,True
8k.txt,50000,0,1311026.0,False
8k.txt,50000,0,1311570.4,True
8k.txt,50000,2,1331191.2,False
8k.txt,50000,2,1323101.0,True
8k.txt,50000,4,697617.0,False
8k.txt,50000,4,700956.8,True
8k.txt,50000,6,587932.6,False
8k.txt,50000,6,587218.2,True
8k.txt,50000,8,566275.8,False
8k.txt,50000,8,525714.2,True
8k.txt,50000,10,506045.8,False
8k.txt,50000,10,578893.4,True
8k.txt,50000,12,636405.6,False
8k.txt,50000,12,548569.6,True
8k.txt,50000,14,618479.0,False
8k.txt,50000,14,659450.2,True
8k.txt,50000,16,526324.6,False
8k.txt,50000,16,559299.8,True
8k.txt,50000,18,576333.8,False
8k.txt,50000,18,570920.4,True
8k.txt,50000,20,620373.0,False
8k.txt,50000,20,551782.8,True
8k.txt,50000,22,559131.8,False
8k.txt,50000,22,543970.6,True
8k.txt,50000,24,497144.2,False
8k.txt,50000,24,545531.4,True
8k.txt,50000,26,426745.4,False
8k.txt,50000,26,433873.6,True
8k.txt,50000,28,417011.2,False
8k.txt,50000,28,454735.4,True
8k.txt,50000,30,429924.0,False
8k.txt,50000,30,418178.4,True
8k.txt,50000,32,408700.2,False
8k.txt,50000,32,455767.2,True
8k.txt,100000,0,2627251.8,False
8k.txt,100000,0,2638545.6,True
8k.txt,100000,2,2645840.6,False
8k.txt,100000,2,2638157.2,True
8k.txt,100000,4,1337514.2,False
8k.txt,100000,4,1352661.6,True
8k.txt,100000,6,1057541.2,False
8k.txt,100000,6,999603.2,True
8k.txt,100000,8,1129843.0,False
8k.txt,100000,8,1114735.8,True
8k.txt,100000,10,1029383.4,False
8k.txt,100000,10,959233.4,True
8k.txt,100000,12,1019389.6,False
8k.txt,100000,12,914232.0,True
8k.txt,100000,14,836292.4,False
8k.txt,100000,14,841482.4,True
8k.txt,100000,16,857267.0,False
8k.txt,100000,16,854196.8,True
8k.txt,100000,18,882581.4,False
8k.txt,100000,18,893912.0,True
8k.txt,100000,20,910724.2,False
8k.txt,100000,20,922381.6,True
8k.txt,100000,22,986020.4,False
8k.txt,100000,22,835820.8,True
8k.txt,100000,24,806437.6,False
8k.txt,100000,24,823547.4,True
8k.txt,100000,26,884627.8,False
8k.txt,100000,26,897666.2,True
8k.txt,100000,28,804874.8,False
8k.txt,100000,28,896243.6,True
8k.txt,100000,30,1153032.4,False
8k.txt,100000,30,886583.4,True
8k.txt,100000,32,1027230.2,False
8k.txt,100000,32,906655.2,True
16k.txt,10,0,288.4,False
16k.txt,10,0,374.8,True
16k.txt,10,2,1124.2,False
16k.txt,10,2,1626.8,True
16k.txt,10,4,1970.0,False
16k.txt,10,4,2832.6,True
16k.txt,10,6,2647.0,False
16k.txt,10,6,4438.6,True
16k.txt,10,8,3461.6,False
16k.txt,10,8,6086.6,True
16k.txt,10,10,4385.0,False
16k.txt,10,10,7094.4,True
16k.txt,10,12,5230.2,False
16k.txt,10,12,9024.4,True
16k.txt,10,14,5912.8,False
16k.txt,10,14,10973.6,True
16k.txt,10,16,7599.8,False
16k.txt,10,16,12308.0,True
16k.txt,10,18,7973.6,False
16k.txt,10,18,14877.6,True
16k.txt,10,20,9283.6,False
16k.txt,10,20,15500.0,True
16k.txt,10,22,9783.4,False
16k.txt,10,22,17631.4,True
16k.txt,10,24,10324.0,False
16k.txt,10,24,18538.6,True
16k.txt,10,26,11368.4,False
16k.txt,10,26,20224.8,True
16k.txt,10,28,12320.4,False
16k.txt,10,28,22053.0,True
16k.txt,10,30,14537.8,False
16k.txt,10,30,22996.2,True
16k.txt,10,32,14335.0,False
16k.txt,10,32,23849.8,True
16k.txt,50,0,1881.8,False
16k.txt,50,0,1895.0,True
16k.txt,50,2,3122.0,False
16k.txt,50,2,3402.0,True
16k.txt,50,4,2892.2,False
16k.txt,50,4,3600.2,True
16k.txt,50,6,3806.0,False
16k.txt,50,6,4659.8,True
16k.txt,50,8,4280.2,False
16k.txt,50,8,7214.0,True
16k.txt,50,10,6991.0,False
16k.txt,50,10,16446.6,True
16k.txt,50,12,5584.0,False
16k.txt,50,12,8763.0,True
16k.txt,50,14,6774.0,False
16k.txt,50,14,10232.4,True
16k.txt,50,16,8163.8,False
16k.txt,50,16,11312.6,True
16k.txt,50,18,7786.8,False
16k.txt,50,18,13427.6,True
16k.txt,50,20,9686.2,False
16k.txt,50,20,17201.6,True
16k.txt,50,22,9264.8,False
16k.txt,50,22,17947.8,True
16k.txt,50,24,9920.4,False
16k.txt,50,24,18156.4,True
16k.txt,50,26,10918.8,False
16k.txt,50,26,19153.6,True
16k.txt,50,28,12259.4,False
16k.txt,50,28,27510.0,True
16k.txt,50,30,15572.4,False
16k.txt,50,30,23206.8,True
16k.txt,50,32,19568.0,False
16k.txt,50,32,27066.4,True
16k.txt,100,0,4835.4,False
16k.txt,100,0,4741.2,True
16k.txt,100,2,5620.0,False
16k.txt,100,2,6373.6,True
16k.txt,100,4,4241.0,False
16k.txt,100,4,4966.2,True
16k.txt,100,6,4353.0,False
16k.txt,100,6,5556.4,True
16k.txt,100,8,7941.2,False
16k.txt,100,8,7833.6,True
16k.txt,100,10,7184.6,False
16k.txt,100,10,9261.0,True
16k.txt,100,12,7162.2,False
16k.txt,100,12,9344.8,True
16k.txt,100,14,7231.4,False
16k.txt,100,14,14563.6,True
16k.txt,100,16,16757.2,False
16k.txt,100,16,12268.8,True
16k.txt,100,18,8420.6,False
16k.txt,100,18,13418.0,True
16k.txt,100,20,9726.2,False
16k.txt,100,20,14714.2,True
16k.txt,100,22,11295.8,False
16k.txt,100,22,16436.4,True
16k.txt,100,24,10673.0,False
16k.txt,100,24,18094.4,True
16k.txt,100,26,11045.4,False
16k.txt,100,26,23010.8,True
16k.txt,100,28,12102.2,False
16k.txt,100,28,31025.8,True
16k.txt,100,30,16647.0,False
16k.txt,100,30,22294.6,True
16k.txt,100,32,18277.2,False
16k.txt,100,32,25331.0,True
16k.txt,500,0,28071.0,False
16k.txt,500,0,26198.8,True
16k.txt,500,2,27891.4,False
16k.txt,500,2,28007.6,True
16k.txt,500,4,15594.4,False
16k.txt,500,4,18147.4,True
16k.txt,500,6,13836.6,False
16k.txt,500,6,17663.8,True
16k.txt,500,8,18837.8,False
16k.txt,500,8,29523.0,True
16k.txt,500,10,18547.4,False
16k.txt,500,10,26456.8,True
16k.txt,500,12,20409.0,False
16k.txt,500,12,22979.8,True
16k.txt,500,14,23782.2,False
16k.txt,500,14,23648.0,True
16k.txt,500,16,21164.8,False
16k.txt,500,16,19275.4,True
16k.txt,500,18,15687.2,False
16k.txt,500,18,20078.8,True
16k.txt,500,20,18239.4,False
16k.txt,500,20,20573.4,True
16k.txt,500,22,16667.6,False
16k.txt,500,22,22618.4,True
16k.txt,500,24,20111.4,False
16k.txt,500,24,25694.4,True
16k.txt,500,26,18830.8,False
16k.txt,500,26,24493.4,True
16k.txt,500,28,19312.8,False
16k.txt,500,28,26190.6,True
16k.txt,500,30,21323.8,False
16k.txt,500,30,28399.8,True
16k.txt,500,32,23307.0,False
16k.txt,500,32,29314.4,True
16k.txt,1000,0,51811.0,False
16k.txt,1000,0,52610.8,True
16k.txt,1000,2,53813.6,False
16k.txt,1000,2,53669.4,True
16k.txt,1000,4,28407.2,False
16k.txt,1000,4,28362.8,True
16k.txt,1000,6,20544.6,False
16k.txt,1000,6,22241.2,True
16k.txt,1000,8,28393.8,False
16k.txt,1000,8,29730.0,True
16k.txt,1000,10,24851.6,False
16k.txt,1000,10,27439.4,True
16k.txt,1000,12,24923.0,False
16k.txt,1000,12,25800.4,True
16k.txt,1000,14,24160.6,False
16k.txt,1000,14,30362.8,True
16k.txt,1000,16,29207.6,False
16k.txt,1000,16,29476.8,True
16k.txt,1000,18,26233.4,False
16k.txt,1000,18,29658.2,True
16k.txt,1000,20,25959.4,False
16k.txt,1000,20,29552.0,True
16k.txt,1000,22,26600.4,False
16k.txt,1000,22,35245.2,True
16k.txt,1000,24,32697.4,False
16k.txt,1000,24,43210.0,True
16k.txt,1000,26,47687.6,False
16k.txt,1000,26,42060.8,True
16k.txt,1000,28,31490.6,False
16k.txt,1000,28,41966.2,True
16k.txt,1000,30,33961.6,False
16k.txt,1000,30,39451.4,True
16k.txt,1000,32,39183.4,False
16k.txt,1000,32,49701.0,True
16k.txt,5000,0,269643.0,False
16k.txt,5000,0,265527.8,True
16k.txt,5000,2,271526.4,False
16k.txt,5000,2,267750.8,True
16k.txt,5000,4,145059.4,False
16k.txt,5000,4,134629.4,True
16k.txt,5000,6,92005.4,False
16k.txt,5000,6,105551.8,True
16k.txt,5000,8,113671.2,False
16k.txt,5000,8,113556.8,True
16k.txt,5000,10,99525.4,False
16k.txt,5000,10,106186.4,True
16k.txt,5000,12,92265.8,False
16k.txt,5000,12,101663.6,True
16k.txt,5000,14,100478.8,False
16k.txt,5000,14,98688.0,True
16k.txt,5000,16,110227.6,False
16k.txt,5000,16,114086.6,True
16k.txt,5000,18,100994.6,False
16k.txt,5000,18,100392.6,True
16k.txt,5000,20,90899.8,False
16k.txt,5000,20,100761.4,True
16k.txt,5000,22,96273.8,False
16k.txt,5000,22,101735.8,True
16k.txt,5000,24,93495.0,False
16k.txt,5000,24,104222.6,True
16k.txt,5000,26,98380.6,False
16k.txt,5000,26,101686.0,True
16k.txt,5000,28,94924.0,False
16k.txt,5000,28,102891.4,True
16k.txt,5000,30,107629.6,False
16k.txt,5000,30,107911.8,True
16k.txt,5000,32,110486.2,False
16k.txt,5000,32,156804.0,True
16k.txt,10000,0,526887.2,False
16k.txt,10000,0,529918.6,True
16k.txt,10000,2,528642.6,False
16k.txt,10000,2,526735.2,True
16k.txt,10000,4,268141.4,False
16k.txt,10000,4,266977.2,True
16k.txt,10000,6,190015.4,False
16k.txt,10000,6,188466.4,True
16k.txt,10000,8,218072.2,False
16k.txt,10000,8,211183.6,True
16k.txt,10000,10,187335.2,False
16k.txt,10000,10,190967.2,True
16k.txt,10000,12,173899.2,False
16k.txt,10000,12,182522.8,True
16k.txt,10000,14,190326.2,False
16k.txt,10000,14,178452.2,True
16k.txt,10000,16,177135.4,False
16k.txt,10000,16,241657.4,True
16k.txt,10000,18,190990.6,False
16k.txt,10000,18,182033.8,True
16k.txt,10000,20,190640.6,False
16k.txt,10000,20,189374.6,True
16k.txt,10000,22,182014.8,False
16k.txt,10000,22,185769.0,True
16k.txt,10000,24,182379.6,False
16k.txt,10000,24,188685.6,True
16k.txt,10000,26,231945.0,False
16k.txt,10000,26,195327.6,True
16k.txt,10000,28,212097.8,False
16k.txt,10000,28,224557.4,True
16k.txt,10000,30,175433.0,False
16k.txt,10000,30,198447.2,True
16k.txt,10000,32,183369.6,False
16k.txt,10000,32,192462.0,True
16k.txt,50000,0,2645350.2,False
16k.txt,50000,0,2661347.2,True
16k.txt,50000,2,2856438.0,False
16k.txt,50000,2,2671048.2,True
16k.txt,50000,4,1734600.0,False
16k.txt,50000,4,1840520.2,True
16k.txt,50000,6,1561192.0,False
16k.txt,50000,6,1633281.6,True
16k.txt,50000,8,1485039.4,False
16k.txt,50000,8,1632184.0,True
16k.txt,50000,10,1414969.0,False
16k.txt,50000,10,917310.2,True
16k.txt,50000,12,872485.8,False
16k.txt,50000,12,832629.4,True
16k.txt,50000,14,859016.4,False
16k.txt,50000,14,860133.8,True
16k.txt,50000,16,833326.2,False
16k.txt,50000,16,1029502.4,True
16k.txt,50000,18,1209565.2,False
16k.txt,50000,18,1051333.6,True
16k.txt,50000,20,1040609.8,False
16k.txt,50000,20,1178269.6,True
16k.txt,50000,22,1138126.2,False
16k.txt,50000,22,1021676.0,True
16k.txt,50000,24,836263.4,False
16k.txt,50000,24,869568.6,True
16k.txt,50000,26,797355.6,False
16k.txt,50000,26,818006.8,True
16k.txt,50000,28,866849.2,False
16k.txt,50000,28,815919.2,True
16k.txt,50000,30,804924.6,False
16k.txt,50000,30,961443.2,True
16k.txt,50000,32,960871.8,False
16k.txt,50000,32,1108458.4,True
16k.txt,100000,0,5249757.4,False
16k.txt,100000,0,5284320.2,True
16k.txt,100000,2,5315836.0,False
16k.txt,100000,2,5302206.0,True
16k.txt,100000,4,2706122.0,False
16k.txt,100000,4,2670507.6,True
16k.txt,100000,6,1897747.8,False
16k.txt,100000,6,1830363.2,True
16k.txt,100000,8,2055027.6,False
16k.txt,100000,8,1992934.0,True
16k.txt,100000,10,1873657.0,False
16k.txt,100000,10,1707642.0,True
16k.txt,100000,12,1995271.6,False
16k.txt,100000,12,2236660.2,True
16k.txt,100000,14,2415674.2,False
16k.txt,100000,14,2364264.4,True
16k.txt,100000,16,2085170.8,False
16k.txt,100000,16,2230445.2,True
16k.txt,100000,18,1753252.0,False
16k.txt,100000,18,1620758.2,True
16k.txt,100000,20,1598905.2,False
16k.txt,100000,20,1600943.8,True
16k.txt,100000,22,1588368.8,False
16k.txt,100000,22,1663240.2,True
16k.txt,100000,24,1731515.2,False
16k.txt,100000,24,1925849.8,True
16k.txt,100000,26,2023171.4,False
16k.txt,100000,26,2072542.6,True
16k.txt,100000,28,2078873.4,False
16k.txt,100000,28,2216902.8,True
16k.txt,100000,30,2140659.6,False
16k.txt,100000,30,1736507.2,True
16k.txt,100000,32,1630338.4,False
16k.txt,100000,32,1639760.4,True
